signal_date,ticker,adj_close_t,market_cap,book_equity,ttm_net_income,pb,ep,size_signal,pb_signal,ep_signal,rank_size,rank_pb,rank_ep,ff3_score
2021-01-29,JPM,113.31023406982422,396046259999.0,271113000000.0,25515000000.0,1.460816191031046,0.06442429225329492,-396046259999.0,-1.460816191031046,0.06442429225329492,2.0,2.0,1.0,5.0
2021-01-29,XOM,36.40552520751953,191270625000.0,177400000000.0,3320000000.0,1.0781884160090192,0.017357605225580247,-191270625000.0,-1.0781884160090192,0.017357605225580247,1.0,1.0,4.0,6.0
2021-01-29,MSFT,222.0679931640625,1748746440000.0,130236000000.0,51310000000.0,13.427519579839675,0.02934101755769693,-1748746440000.0,-13.427519579839675,0.02934101755769693,3.0,3.0,2.0,8.0
2021-01-29,AAPL,128.33670043945312,2210788692960.0,66224000000.0,63930000000.0,33.383496813239915,0.028917281965290337,-2210788692960.0,-33.383496813239915,0.028917281965290337,4.0,4.0,3.0,11.0
2021-02-26,JPM,129.60183715820312,452989259999.0,279354000000.0,29131000000.0,1.6215599561810463,0.06430836792921825,-452989259999.0,-1.6215599561810463,0.06430836792921825,1.0,1.0,1.0,3.0
2021-02-26,MSFT,222.98243713378906,1751912820000.0,130236000000.0,51310000000.0,13.451832212291531,0.02928798705862544,-1751912820000.0,-13.451832212291531,0.02928798705862544,2.0,2.0,3.0,7.0
2021-02-26,AAPL,118.10670471191406,2031526499760.0,66224000000.0,63930000000.0,30.676590054360958,0.03146894712303903,-2031526499760.0,-30.676590054360958,0.03146894712303903,3.0,3.0,2.0,8.0
2021-03-31,JPM,134.0577850341797,462972532099.0,279354000000.0,29131000000.0,1.6572969497447683,0.06292165945121504,-462972532099.0,-1.6572969497447683,0.06292165945121504,1.0,1.0,1.0,3.0
2021-03-31,MSFT,226.2353973388672,1774640790000.0,130236000000.0,51310000000.0,13.62634594121441,0.028912893408699347,-1774640790000.0,-13.62634594121441,0.028912893408699347,2.0,2.0,3.0,7.0
2021-03-31,AAPL,118.97358703613281,2031277667650.0,66224000000.0,63930000000.0,30.67283262336917,0.0314728020782905,-2031277667650.0,-30.67283262336917,0.0314728020782905,3.0,3.0,2.0,8.0
2021-04-30,JPM,136.2469024658203,467777738700.0,279354000000.0,29131000000.0,1.6744980873730106,0.062275302114542457,-467777738700.0,-1.6744980873730106,0.062275302114542457,1.0,1.0,1.0,3.0
2021-04-30,MSFT,241.98170471191406,1898158860000.0,134505000000.0,56015000000.0,14.112180662428907,0.02951017492814063,-1898158860000.0,-14.112180662428907,0.02951017492814063,2.0,2.0,3.0,7.0
2021-04-30,AAPL,128.04144287109375,2186097111660.0,69178000000.0,76311000000.0,31.601045298505305,0.034907415408482786,-2186097111660.0,-31.601045298505305,0.034907415408482786,3.0,3.0,2.0,8.0
2021-05-28,JPM,145.48599243164062,499498184800.0,280714000000.0,40566000000.0,1.779384657694308,0.08121350834586656,-499498184800.0,-1.779384657694308,0.08121350834586656,1.0,1.0,1.0,3.0
2021-05-28,MSFT,240.1360626220703,1879341360000.0,134505000000.0,56015000000.0,13.972278800044608,0.029805654891775488,-1879341360000.0,-13.972278800044608,0.029805654891775488,2.0,2.0,3.0,7.0
2021-05-28,AAPL,121.57574462890625,2072185920310.0,69178000000.0,76311000000.0,29.95440631862731,0.036826328782594876,-2072185920310.0,-29.95440631862731,0.036826328782594876,3.0,3.0,2.0,8.0
2021-06-30,JPM,137.77938842773438,466994229240.0,280714000000.0,40566000000.0,1.6635943673632239,0.08686616977262929,-466994229240.0,-1.6635943673632239,0.08686616977262929,1.0,1.0,1.0,3.0
2021-06-30,MSFT,260.544921875,2035271699999.0,134505000000.0,56015000000.0,15.13156908664362,0.027522123950344084,-2035271699999.0,-15.13156908664362,0.027522123950344084,2.0,2.0,3.0,7.0
2021-06-30,AAPL,133.6250457763672,2258076092160.0,69178000000.0,76311000000.0,32.64153476770071,0.033794698179104965,-2258076092160.0,-32.64153476770071,0.033794698179104965,3.0,3.0,2.0,8.0
2021-07-30,JPM,135.22352600097656,455705182680.0,280714000000.0,40566000000.0,1.6233788933932758,0.08901807910419528,-455705182680.0,-1.6233788933932758,0.08901807910419528,1.0,1.0,1.0,3.0
2021-07-30,MSFT,274.01947021484375,2140528830000.0,141988000000.0,61271000000.0,15.07542066935234,0.028624234881246612,-2140528830000.0,-15.07542066935234,0.028624234881246612,2.0,2.0,3.0,7.0
2021-07-30,AAPL,142.30828857421875,2404811469060.0,64280000000.0,86802000000.0,37.41150387461108,0.03609513723499058,-2404811469060.0,-37.41150387461108,0.03609513723499058,3.0,3.0,2.0,8.0
2021-08-31,JPM,142.50230407714844,480234839699.0,286386000000.0,47827000000.0,1.6768795950186113,0.09959085856823059,-480234839699.0,-1.6768795950186113,0.09959085856823059,1.0,1.0,1.0,3.0
2021-08-31,MSFT,290.8966064453125,2268024440000.0,141988000000.0,61271000000.0,15.97335295940502,0.02701514098322503,-2268024440000.0,-15.97335295940502,0.02701514098322503,2.0,2.0,3.0,7.0
2021-08-31,AAPL,148.35488891601562,2503239581430.0,64280000000.0,86802000000.0,38.94274395504045,0.03467586588352582,-2503239581430.0,-38.94274395504045,0.03467586588352582,3.0,3.0,2.0,8.0
2021-09-30,JPM,145.83433532714844,488074145620.0,286386000000.0,47827000000.0,1.7042528113106088,0.09799125896997764,-488074145620.0,-1.7042528113106088,0.09799125896997764,1.0,1.0,1.0,3.0
2021-09-30,MSFT,271.6628112792969,2115809600000.0,141988000000.0,61271000000.0,14.901326872693467,0.028958654880855063,-2115809600000.0,-14.901326872693467,0.028958654880855063,2.0,2.0,3.0,7.0
2021-09-30,AAPL,138.26129150390625,2319428946000.0,64280000000.0,86802000000.0,36.083213223397635,0.037423866831400664,-2319428946000.0,-36.083213223397635,0.037423866831400664,3.0,3.0,2.0,8.0
2021-10-29,JPM,152.2700653076172,506560673219.0,286386000000.0,47827000000.0,1.768803898301593,0.09441514615826302,-506560673219.0,-1.768803898301593,0.09441514615826302,1.0,1.0,1.0,3.0
2021-10-29,AAPL,146.371337890625,2455480255200.0,63090000000.0,94680000000.0,38.92027667142178,0.03855864847599366,-2455480255200.0,-38.92027667142178,0.03855864847599366,2.0,3.0,2.0,7.0
2021-10-29,MSFT,319.5545349121094,2488808100000.0,151978000000.0,67883000000.0,16.376107726118253,0.02727530499438667,-2488808100000.0,-16.376107726118253,0.02727530499438667,3.0,2.0,3.0,8.0
2021-11-30,JPM,142.35720825195312,473583093340.0,290041000000.0,50071000000.0,1.632814303288156,0.10572801416298126,-473583093340.0,-1.632814303288156,0.10572801416298126,1.0,1.0,1.0,3.0
2021-11-30,MSFT,319.1447448730469,2481077950000.0,151978000000.0,67883000000.0,16.3252441142797,0.027360285072865205,-2481077950000.0,-16.3252441142797,0.027360285072865205,2.0,2.0,3.0,7.0
2021-11-30,AAPL,161.75228881835938,2709551977200.0,63090000000.0,94680000000.0,42.94740810271041,0.03494304622930339,-2709551977200.0,-42.94740810271041,0.03494304622930339,3.0,3.0,2.0,8.0
