signal_date,execution_date,next_execution_date
2021-01-29,2021-02-01,2021-03-01
2021-02-26,2021-03-01,2021-04-01
2021-03-31,2021-04-01,2021-05-03
2021-04-30,2021-05-03,2021-06-01
2021-05-28,2021-06-01,2021-07-01
2021-06-30,2021-07-01,2021-08-02
2021-07-30,2021-08-02,2021-09-01
2021-08-31,2021-09-01,2021-10-01
2021-09-30,2021-10-01,2021-11-01
2021-10-29,2021-11-01,2021-12-01
2021-11-30,2021-12-01,2022-01-03
